Video id,gender_valid
Is9ioUILsrU,Male
BBhwOTtARQ8,Male
1T2rAw6DsyM,Male
7Z_0Hica6-w,Male
pIMNpu7mGY8,Female
C7CY4l99S7M,Male
k40Ht-MffP8,Male
nmccWna9A0Y,Male
4w_n98E-j0I,Female
UoPYPDnkltQ,Male
ErrR7v0OgJA,Male
KvBMuB4FeWE,Male
buSnKoducJc,Male
NUA-fI3E6Vk,Male
SPh1KMjrb_A,Female
qcz1Cm_-l50,Male
6sbVhu843SA,Male
X1Kr2cHWuP4,Male
dBGeri4eFv4,Male
h3ZrKQMBEB4,Female
vPA0k8r3Tuc,Female
muZmOiiukQE,Male
9ya8YNMJ27g,Male
7up731HX2uA,Male
1F7LAJEVp-U,Male
nm2b1U8mvhI,Female
PqJuIal2-rY,Female
Ep8y4v7-Dmw,Male
EOqxDyiMAdE,Male
whreCx_YLko,Female
bChoL5qB6cM,Male
iQTrf_eCfI8,Male
4dvG5PXUGFk,Male
V1kXk2yrBZw,Male
VufrCCcsse4,Female
WTIotEFCYno,Male
LXZqE_soFzY,Male
IYNyBvB8BjA,Female
nWbQIORfcyg,Male
CQ0OHoaS8eo,Male
LXZqE_soFzY,Male
jBIf10lgWyU,Male
Wn8Bf_r0vzo,Male
T1yNpgVkMRM,Male
TSnZ0dlh3NA,Male
k2rrJDcOGsw,Male
5RZwBqvMVMI,Male
6uts4lH_tP4,Male
GtiYyWQI8ZA,Male
ev8g5jdDxEA,Male
xRLaBFyc-UM,Male
3Xf5_-WM6h0,Male
NVVL3jc2nRE,Male
RKjFYgSREG8,Female
3USkdBSwdKs,Female
71l1dxnNN28,Male
Gz4K_CjxcCU,Female
Fre5g65sj0w,Female
xWiQT2LaD78,Male
h7JatMD-B_w,Male
VoI3U21K8_4,Male
7E64xzjsgpo,Male
YQ8H5GLPZsA,Male
Q48o-VQ48og,Female
4OmT_Nj1eng,Male
xYP3p5ScKNo,Male
EyAvSj1ZgXk,Male
JzcylDGwRjk,Male
lTAQ2HRErYw,Male
PouihkhCpIc,Male
uRrsTH3qC5c,Male
NRlAWXJzNr8,Male
3oIBsiZxNRw,Male
QxXR0fxvTgM,Male
yVZaPTMZUlM,Male
51rqdW3u02M,Male
2-aPVBmi0P8,Male
bVSIaWBYtuw,Male
FuFyo9Zd9e0,Male
PFn5uO78D8U,Male
yDJ5Fn06OqA,Male
YUOXh6eFCrU,Male
xiHcVRFBnA0,Female
zcMrjedUJIQ,Male
GvCv2Pz0o3I,Male
IiTHAXv4_ts,Male
zeqrf8ZVQSs,Male
za5uuoQJmmw,Male
b7l5KEKtcIg,Male
ku1rHYu6K9Q,Female
aigXaO8ewdg,Male
i1quLORCZ2g,Female
b_zqUaywNAE,Female
LaSgcIsnXlU,Male
wOpw9aFCfPU,Male
JB5zC2nu4Cc,Female
7222_XNBmeo,Male
Gep1hN-yeFQ,Female
Re9DQipGsbs,Male
OYajy-IfgAo,Male
NopDEaz6bL4,Male
hCGgT7Gmzg0,Male
kjpWYcNDgWc,Female
Zsdv_X18wD8,Male
EDS5lfRFARg,Male
fDj2x3Cb8ts,Female
xrUwPbeETXE,Male
NzcTKGxwCCE,Male
xWUC47m9uKY,Female
eBsa_1cpN9s,Female
B64TkkVRAwI,Female
hlD_j3AtxGs,Female
ZALxVE9hJ1I,Male
lYeqxD1f5co,Male
c0roInrdEMQ,Male
O-cawByg2aA,Female
557vBwreipo,Female
uAmVmeDooQ4,Male
--2v7MZOJGg,Female
AkTyNRAp2qg,Female
IvU3rkSBxBE,Male
3XddwCSMo-8,Female
c-Sg1HWcES0,Female
9JE8GeZA78s,Male
efsoTjgOIf4,Female
gjJAXY_g-dA,Male
zce6RScG2_k,Female
Sx15ZqQPnHE,Male
WOf2Kf0kNU8,Male
O7YPymhfQec,Female
HNEDBQYN0wE,Male
acfjqWTwee0,Male
VPM84_yfx5Q,Male
jTb8NIxRRBc,Female
Etp6km1JQi8,Female
M8St8moqFq4,Male
0KOT3mAtiNU,Male
zHYDdT1pPIY,Female
PqGc817jz3o,Male
nK9Uf-7ijlk,Female
1tz2bTKTWPg,Male
7KnncF6Eomg,Male
hhjOTt9EYyw,Female
6x5FYrntm4Y,Female
GbQcH5Zx9lE,Male
#NAME?,Male
dU-s0GWz2OQ,Male
uhwzHfHcDOQ,Female
68BytWd8uD8,Male
w-I_lAfmRxM,Female
t1KXDricV54,Male
GMiAbQ5yUDA,Male
8254mpJprjk,Male
F2rEhJdN-mk,Male
xPjQixqiRwQ,Female
rQ6EwArDtHc,Female
hUj3o0bsXWo,Male
xihRwuWXmDc,Female
YN5fu74-pcM,Female
8nC0VnSRYgQ,Male
OauYLIJB8Mk,Female
ByHwtLjujlE,Male
snWh8VxaKek,Female
8waX7HzUxQQ,Female
ibZmnFcLlaA,Male
BWSrU0tv-5A,Male
I6K-7v6DE9E,Male
JmJAa90B_Qo,Female
LcSnf-GBeKo,Male
NK7GmnT_VQw,Male
u6NBz5NK7Bg,Female
V61XrzryoIM,Male
ngElbkETkXo,Male
Qchto7n_A3E,Male
DsGHIDHxgF8,Male
ma9HLOl1vuM,Female
jtfbQ02Qryw,Male
4fBXIcO0It4,Male
GHaZYHfxyLs,Male
XCy9TjzIees,Male
#NAME?,Male
9M2-OkV9vVc,Male
jO-15XPPVpE,Female
1CFYomoxc-I,Female
u_MU518qhwM,Male
